[
  {
    "id": "1",
    "title": "The Awakening",
    "author": {
      "name": "Kate Chopin"
    },
    "genre": "Thriller",
    "copiesInStock": 40,
    "unitPrice": 15
  },
  {
    "id": "2",
    "title": "City of Glass",
    "author": {
      "name": "Paul Auster"
    },
    "genre": "Action & Adventure",
    "copiesInStock": 100,
    "unitPrice": 20
  },
  {
    "id": "3",
    "title": "The Chicken and the Egg",
    "author": {
      "name": "Darly Filbern"
    },
    "genre": "Mystery",
    "copiesInStock": 10,
    "unitPrice": 8.99
  },
  {
    "id": "4",
    "title": "The Cat Dog",
    "author": {
      "name": "Ferris McChicken"
    },
    "genre": "Comedy",
    "copiesInStock": 400,
    "unitPrice": 12.99
  },
  {
    "id": "5",
    "title": "The Adventures of Jill Carney",
    "author": {
      "name": "Paul Storer"
    },
    "genre": "Adventure",
    "copiesInStock": 43,
    "unitPrice": 6.0
  },
  {
    "id": "6",
    "title": "Ryan's Ashes",
    "author": {
      "name": "Bryan Fundale"
    },
    "genre": "Horror",
    "copiesInStock": 19,
    "unitPrice": 45.99
  },
  {
    "id": "7",
    "title": "Kody's Klubhouse",
    "author": {
      "name": "Brody Floherty"
    },
    "genre": "Kids & Family",
    "copiesInStock": 100,
    "unitPrice": 20
  },
  {
    "id": "8",
    "title": "The Curse of Kolton's Crepes",
    "author": {
      "name": "Holton Barr"
    },
    "genre": "Action & Adventure",
    "copiesInStock": 0,
    "unitPrice": 10.99
  }
]
